inst	reg	addr	golden	got	kind
ANADIG_OSC	OSC_24M_CTRL	0x44484320	0x00000080	0x40000080	SHARED
ANADIG_PLL	ARM_PLL_CTRL	0x44484000	0x400000A6	0x600000A6	SHARED
ANADIG_PLL	SYS_PLL3_CTRL	0x44484010	0x40000003	0x60000003	SHARED
ANADIG_PLL	SYS_PLL2_CTRL	0x44484040	0x40000000	0x60000000	SHARED
ANADIG_PLL	SYS_PLL1_CTRL	0x44484100	0x00004000	0x20004000	SHARED
ANADIG_PLL	PLL_AUDIO_CTRL	0x44484200	0x00004000	0x20004000	SHARED
AON_MIX_SLICE	FUNC_STAT	0x44460814	0x00000004	0x00000000	SHARED
AON_MIX_SLICE	LPM_SETTING_0	0x44460830	0x00000003	0x00000000	SHARED
AON_MIX_SLICE	LPM_SETTING_1	0x44460834	0x33333333	0x00000000	SHARED
AON_MIX_SLICE	LPM_SETTING_2	0x44460838	0x33333333	0x00000000	SHARED
AON_MIX_SLICE	EDGELOCK_HDSK_CTRL	0x44460840	0x80008000	0x00000000	SHARED
AON_MIX_SLICE	EDGELOCK_HDSK_STAT	0x44460844	0x00000001	0x00000000	SHARED
AON_MIX_SLICE	PSW_CTRL	0x4446085C	0x80008000	0x00000000	SHARED
AON_MIX_SLICE	PSW_CNT_CFG_HF	0x44460864	0x00000010	0x00000000	SHARED
AON_MIX_SLICE	PSW_CNT_CFG_LF	0x4446086C	0x00000010	0x00000000	SHARED
AON_MIX_SLICE	MLPL_CFG	0x44460884	0x30373037	0x00000000	SHARED
AON_MIX_SLICE	MLPL_STAT	0x44460888	0x00000033	0x00000000	SHARED
ASRC	ASR76K	0x429A0098	0x00000A47	0x00000000	SHARED
ASRC	ASR56K	0x429A009C	0x00000DF3	0x00000000	SHARED
BLK_CTRL_S_AONMIX	CM33_IRQ_MASK0	0x444F0000	0xFFFFFFFF	0x00000000	RENODE-ONLY
BLK_CTRL_S_AONMIX	CM33_IRQ_MASK1	0x444F0004	0xFFFFFFFF	0x00000000	RENODE-ONLY
BLK_CTRL_S_AONMIX	CM33_IRQ_MASK2	0x444F0008	0xFFFFFFFF	0x00000000	RENODE-ONLY
BLK_CTRL_S_AONMIX	CM33_IRQ_MASK3	0x444F000C	0xFFFFFFFF	0x00000000	RENODE-ONLY
BLK_CTRL_S_AONMIX	CM33_IRQ_MASK4	0x444F0010	0xFFFFFFFF	0x00000000	RENODE-ONLY
BLK_CTRL_S_AONMIX	CM33_IRQ_MASK5	0x444F0014	0xFFFFFFFF	0x00000000	RENODE-ONLY
BLK_CTRL_S_AONMIX	CM33_IRQ_MASK6	0x444F0018	0xFFFFFFFF	0x00000000	RENODE-ONLY
BLK_CTRL_S_AONMIX	CM33_IRQ_MASK7	0x444F001C	0xFFFFFFFF	0x00000000	RENODE-ONLY
BLK_CTRL_S_AONMIX	CM7_IRQ_MASK0	0x444F0020	0xFFFFFFFF	0x00000000	RENODE-ONLY
BLK_CTRL_S_AONMIX	CM7_IRQ_MASK1	0x444F0024	0xFFFFFFFF	0x00000000	RENODE-ONLY
BLK_CTRL_S_AONMIX	CM7_IRQ_MASK2	0x444F0028	0xFFFFFFFF	0x00000000	RENODE-ONLY
BLK_CTRL_S_AONMIX	CM7_IRQ_MASK3	0x444F002C	0xFFFFFFFF	0x00000000	RENODE-ONLY
BLK_CTRL_S_AONMIX	CM7_IRQ_MASK4	0x444F0030	0xFFFFFFFF	0x00000000	RENODE-ONLY
BLK_CTRL_S_AONMIX	CM7_IRQ_MASK5	0x444F0034	0xFFFFFFFF	0x00000000	RENODE-ONLY
BLK_CTRL_S_AONMIX	CM7_IRQ_MASK6	0x444F0038	0xFFFFFFFF	0x00000000	RENODE-ONLY
BLK_CTRL_S_AONMIX	CM7_IRQ_MASK7	0x444F003C	0xFFFFFFFF	0x00000000	RENODE-ONLY
BLK_CTRL_S_AONMIX	EDGELOCK_RESET_REQ_MASK	0x444F0058	0x00000192	0x00000000	SHARED
BLK_CTRL_S_AONMIX	EDGELOCK_IRQ_MASK	0x444F005C	0x000001F7	0x00000000	SHARED
BLK_CTRL_S_AONMIX	M33_CFG	0x444F0060	0x00000004	0x00000000	SHARED
BLK_CTRL_S_AONMIX	AXBS_AON_CTRL	0x444F0090	0x00000001	0x00000000	SHARED
BLK_CTRL_S_AONMIX	IOMUXC_DOMAIN_CFG	0x444F0148	0x00000420	0x00000000	SHARED
BLK_CTRL_S_AONMIX	IOMUXC_AON_DOMAIN_CFG	0x444F014C	0x00000420	0x00000000	SHARED
BLK_CTRL_WAKEUPMIX	SSI	0x42420014	0x00000002	0x00000000	SHARED
BLK_CTRL_WAKEUPMIX	ECAT_MISC_CFG	0x42420018	0x00000008	0x00000000	SHARED
BLK_CTRL_WAKEUPMIX	USBPHY_MISC_CTRL	0x42420020	0x00000101	0x00000000	SHARED
BLK_CTRL_WAKEUPMIX	AXI_ATTR_CFG	0x42420050	0x00000007	0x00000000	SHARED
BLK_CTRL_WAKEUPMIX	XBAR_AOI_WE	0x42420078	0x00000001	0x00000000	SHARED
BLK_CTRL_WAKEUPMIX	EMC_B1_IO_CTRL	0x42420140	0x01504000	0x00000000	SHARED
BLK_CTRL_WAKEUPMIX	EMC_B2_IO_CTRL	0x42420144	0x01504000	0x00000000	SHARED
BLK_CTRL_WAKEUPMIX	SD_B1_IO_CTRL	0x42420148	0x01504000	0x00000000	SHARED
BLK_CTRL_WAKEUPMIX	SD_B2_IO_CTRL	0x4242014C	0x01504000	0x00000000	SHARED
BLK_CTRL_WAKEUPMIX	GPIO_B1_IO_CTRL	0x42420150	0x01504000	0x00000000	SHARED
BLK_CTRL_WAKEUPMIX	GPIO_B2_IO_CTRL	0x42420154	0x01504000	0x00000000	SHARED
CAN1	CTRL2	0x443A0034	0x00600000	0x00000000	SHARED
CAN1	MECR	0x443A0AE0	0x800C0080	0x00000000	SHARED
CAN1	FDCTRL	0x443A0C00	0x80000100	0x00000000	SHARED
CAN2	CTRL2	0x425B0034	0x00600000	0x00000000	SHARED
CAN2	MECR	0x425B0AE0	0x800C0080	0x00000000	SHARED
CAN2	FDCTRL	0x425B0C00	0x80000100	0x00000000	SHARED
CAN3	CTRL2	0x445B0034	0x00600000	0x00000000	SHARED
CAN3	MECR	0x445B0AE0	0x800C0080	0x00000000	SHARED
CAN3	FDCTRL	0x445B0C00	0x80000100	0x00000000	SHARED
CCM	OBSERVE0_AUTHEN	0x44454430	0xFFFF0000	0x00000000	RENODE-ONLY
CCM	OBSERVE0_AUTHEN_SET	0x44454434	0xFFFF0000	0x00000000	RENODE-ONLY
CCM	OBSERVE0_AUTHEN_CLR	0x44454438	0xFFFF0000	0x00000000	RENODE-ONLY
CCM	OBSERVE0_AUTHEN_TOG	0x4445443C	0xFFFF0000	0x00000000	RENODE-ONLY
CCM	OBSERVE0_FREQUENCY_MIN	0x44454444	0xFFFFFFC0	0x00000000	RENODE-ONLY
CCM	OBSERVE0_PERIOD_MIN	0x44454454	0xFFFFFFFF	0x00000000	RENODE-ONLY
CCM	OBSERVE0_HIGH_MIN	0x44454464	0xFFFFFFFF	0x00000000	RENODE-ONLY
CCM	OBSERVE0_LOW_MIN	0x44454474	0xFFFFFFFF	0x00000000	RENODE-ONLY
CCM	OBSERVE1_AUTHEN	0x444544B0	0xFFFF0000	0x00000000	RENODE-ONLY
CCM	OBSERVE1_AUTHEN_SET	0x444544B4	0xFFFF0000	0x00000000	RENODE-ONLY
CCM	OBSERVE1_AUTHEN_CLR	0x444544B8	0xFFFF0000	0x00000000	RENODE-ONLY
CCM	OBSERVE1_AUTHEN_TOG	0x444544BC	0xFFFF0000	0x00000000	RENODE-ONLY
CCM	OBSERVE1_FREQUENCY_MIN	0x444544C4	0xFFFFFFC0	0x00000000	RENODE-ONLY
CCM	OBSERVE1_PERIOD_MIN	0x444544D4	0xFFFFFFFF	0x00000000	RENODE-ONLY
CCM	OBSERVE1_HIGH_MIN	0x444544E4	0xFFFFFFFF	0x00000000	RENODE-ONLY
CCM	OBSERVE1_LOW_MIN	0x444544F4	0xFFFFFFFF	0x00000000	RENODE-ONLY
CCM	GPR_SHARED_STATUS4	0x44454A10	0xFF000100	0x00000000	RENODE-ONLY
CCM	GPR_SHARED_STATUS5	0x44454A14	0x00000007	0x00000000	RENODE-ONLY
CMP1	C3	0x42DC0014	0x11000000	0x00000000	RENODE-ONLY
CMP2	C3	0x42DD0014	0x11000000	0x00000000	RENODE-ONLY
CMP3	C3	0x42DE0014	0x11000000	0x00000000	RENODE-ONLY
CMP4	C3	0x42DF0014	0x11000000	0x00000000	RENODE-ONLY
DCDC	REG0	0x44520000	0x04030501	0x80000000	SHARED
DCDC	REG1	0x44520004	0x01CD4410	0x00000000	SHARED
DCDC	REG2	0x44520008	0x02108089	0x00000000	SHARED
DCDC	REG3	0x4452000C	0x00980000	0x00000000	SHARED
DCDC	OK_CNT	0x44520014	0x000000A4	0x00000000	SHARED
DCDC	CURRENT_TRG	0x44520018	0x00100C10	0x00000000	SHARED
DCDC	FILTER_CNT	0x4452001C	0x00000008	0x00000000	SHARED
DCDC	TRG_0_AUTHEN	0x44520020	0xFFFF0000	0x00000000	SHARED
DCDC	TRG_SW_0	0x44520024	0x00100C10	0x00000000	SHARED
DCDC	TRG_GPC_0	0x44520028	0x00100C10	0x00000000	SHARED
DCDC	TRG_1_AUTHEN	0x44520030	0xFFFF0000	0x00000000	SHARED
DCDC	TRG_SW_1	0x44520034	0x00100C10	0x00000000	SHARED
DCDC	TRG_GPC_1	0x44520038	0x00100C10	0x00000000	SHARED
EMDIO_BASE	EMDIO_CFG	0x60BA1C00	0x00051448	0x00000000	SHARED
EMDIO_BASE	MDIO_CFG	0x60BA1C40	0x00000010	0x00000000	SHARED
EMDIO_GLOBAL	SMCAPR	0x60BB0000	0x00001FB0	0x00000000	SHARED
EMDIO_GLOBAL	SMDTR	0x60BB0004	0x00000040	0x00000000	SHARED
EMDIO_GLOBAL	SMACR	0x60BB0008	0x00001F81	0x00000000	SHARED
EMDIO_GLOBAL	SMCLWMR	0x60BB0010	0x00001F81	0x00000000	SHARED
EMDIO_GLOBAL	SMBUCR	0x60BB0014	0x0000002F	0x00000000	SHARED
EMDIO_GLOBAL	HBTCAPR	0x60BB0020	0x32000C00	0x00000000	SHARED
EMDIO_GLOBAL	HBTOR2	0x60BB002C	0x00000100	0x00000000	SHARED
EMDIO_GLOBAL	NETCCLKR	0x60BB0164	0x000000F0	0x00000000	SHARED
EMDIO_GLOBAL	IPBRR0	0x60BB0BF8	0x00000300	0x00000000	SHARED
EMDIO_GLOBAL	IPBRR1	0x60BB0BFC	0x00010100	0x00000000	SHARED
ENETC0_BASE	PMR	0x60B10010	0x00010000	0x00000000	SHARED
ENETC0_BASE	PRIO2TCMR0	0x60B10380	0x76543210	0x00000000	SHARED
ENETC0_COMMON	OSR	0x60B11010	0x00000001	0x00000000	SHARED
ENETC0_COMMON	RPCAPR	0x60B11810	0x00000003	0x00000000	SHARED
ENETC0_COMMON	FMICAPR	0x60B11880	0x0000000A	0x00000000	SHARED
ENETC0_COMMON	FMECAPR	0x60B11884	0x0003002F	0x00000000	SHARED
ENETC0_COMMON	FMITCAPR	0x60B11888	0x00100040	0x00000000	SHARED
ENETC0_COMMON	ETCAPR	0x60B118C0	0x00000001	0x00000000	SHARED
ENETC0_COMMON	ETTCAPR	0x60B118C4	0x00100180	0x00000000	SHARED
ENETC0_COMMON	ESQRCAPR	0x60B118E0	0x0000010F	0x00000000	SHARED
ENETC0_COMMON	ESQRTCAPR	0x60B118E4	0x00100180	0x00000000	SHARED
ENETC0_COMMON	ECTCAPR	0x60B118EC	0x00100180	0x00000000	SHARED
ENETC0_COMMON	ISFHTCAPR	0x60B11A00	0x00700000	0x00000000	SHARED
ENETC0_ETH_MAC_PORT	PM0_MAXFRM	0x60B15014	0x00000600	0x00000000	SHARED
ENETC0_ETH_MAC_PORT	PM0_MINFRM	0x60B15018	0x00000040	0x00000000	SHARED
ENETC0_ETH_MAC_PORT	PM0_MDIO_CFG	0x60B15030	0x00001448	0x00000000	SHARED
ENETC0_ETH_MAC_PORT	PM0_IEVENT	0x60B15040	0x00000060	0x00000000	SHARED
ENETC0_ETH_MAC_PORT	PM0_IF_MODE	0x60B15300	0x00004004	0x00000000	SHARED
ENETC0_ETH_MAC_PORT	PM1_MAXFRM	0x60B15414	0x00000600	0x00000000	SHARED
ENETC0_ETH_MAC_PORT	PM1_MINFRM	0x60B15418	0x00000040	0x00000000	SHARED
ENETC0_ETH_MAC_PORT	PM1_IEVENT	0x60B15440	0x00000060	0x00000000	SHARED
ENETC0_ETH_MAC_PORT	PM1_IF_MODE	0x60B15700	0x00004004	0x00000000	SHARED
ENETC0_ETH_MAC_PORT	PEMDIOSR	0x60B15C10	0x00008000	0x00000000	SHARED
ENETC0_GLOBAL	SMCAPR	0x60B20000	0x00001FB0	0x00000000	SHARED
ENETC0_GLOBAL	SMDTR	0x60B20004	0x00000040	0x00000000	SHARED
ENETC0_GLOBAL	SMACR	0x60B20008	0x00001F81	0x00000000	SHARED
ENETC0_GLOBAL	SMCLWMR	0x60B20010	0x00001F81	0x00000000	SHARED
ENETC0_GLOBAL	SMBUCR	0x60B20014	0x0000002F	0x00000000	SHARED
ENETC0_GLOBAL	HBTCAPR	0x60B20020	0x32000C00	0x00000000	SHARED
ENETC0_GLOBAL	HBTOR2	0x60B2002C	0x00000100	0x00000000	SHARED
ENETC0_GLOBAL	NETCCLKR	0x60B20164	0x000000F0	0x00000000	SHARED
ENETC0_GLOBAL	IPBRR0	0x60B20BF8	0x00000300	0x00000000	SHARED
ENETC0_GLOBAL	IPBRR1	0x60B20BFC	0x00010100	0x00000000	SHARED
ENETC0_PORT	PCR	0x60B14010	0x00630000	0x00000000	SHARED
ENETC0_PORT	PTAR	0x60B14050	0x00000033	0x00000000	SHARED
ENETC0_PORT	PPCR	0x60B14080	0x31313000	0x00000000	SHARED
ENETC0_PORT	PRXSDUOR	0x60B14108	0x00000014	0x00000000	SHARED
ENETC0_PORT	PTXSDUOR	0x60B1410C	0x00000014	0x00000000	SHARED
ENETC0_PORT	PTGSHCR	0x60B1412C	0x01000000	0x00000000	SHARED
ENETC0_PORT	PDGSR	0x60B14138	0x000000FF	0x00000000	SHARED
ENETC0_PORT	PCTFCR	0x60B14450	0x00000013	0x00000000	SHARED
ENETC0_PORT	PISIDCR	0x60B14460	0xFFFF0000	0x00000000	SHARED
ENETC0_PORT	PIPV2QMR0	0x60B14470	0x76543210	0x00000000	SHARED
ENETC0_PORT	BPDVR	0x60B14510	0x01F00000	0x00000000	SHARED
ENETC0_PORT	BPSTGSR	0x60B14520	0x00000002	0x00000000	SHARED
ENETC0_PORT	BPSCR0	0x60B14528	0x0FFF0FFF	0x00000000	SHARED
ENETC0_PORT	BPSCR1	0x60B1452C	0x0FFF0FFF	0x00000000	SHARED
ENETC0_SI0	SISR	0x60B00004	0x0000001E	0x00000000	SHARED
ENETC0_SI0	SIBCAR	0x60B00040	0x02020202	0x00000000	SHARED
ENETC0_SI0	SIMCAR	0x60B00044	0x00020002	0x00000000	SHARED
ENETC0_SI0	SICCAR	0x60B00048	0x02020202	0x00000000	SHARED
ENETC0_SI0	SICAPR1	0x60B00904	0x00020000	0x00000000	SHARED
ENETC1_BASE	PMR	0x60B50010	0x00010000	0x00000000	SHARED
ENETC1_BASE	PRIO2TCMR0	0x60B50380	0x76543210	0x00000000	SHARED
ENETC1_COMMON	OSR	0x60B51010	0x00000001	0x00000000	SHARED
ENETC1_COMMON	RPCAPR	0x60B51810	0x00000003	0x00000000	SHARED
ENETC1_COMMON	FMICAPR	0x60B51880	0x0000000A	0x00000000	SHARED
ENETC1_COMMON	FMECAPR	0x60B51884	0x0003002F	0x00000000	SHARED
ENETC1_COMMON	FMITCAPR	0x60B51888	0x00100040	0x00000000	SHARED
ENETC1_COMMON	ETCAPR	0x60B518C0	0x00000001	0x00000000	SHARED
ENETC1_COMMON	ETTCAPR	0x60B518C4	0x00100180	0x00000000	SHARED
ENETC1_COMMON	ESQRCAPR	0x60B518E0	0x0000010F	0x00000000	SHARED
ENETC1_COMMON	ESQRTCAPR	0x60B518E4	0x00100180	0x00000000	SHARED
ENETC1_COMMON	ECTCAPR	0x60B518EC	0x00100180	0x00000000	SHARED
ENETC1_COMMON	ISFHTCAPR	0x60B51A00	0x00700000	0x00000000	SHARED
ENETC1_GLOBAL	SMCAPR	0x60B60000	0x00001FB0	0x00000000	SHARED
ENETC1_GLOBAL	SMDTR	0x60B60004	0x00000040	0x00000000	SHARED
ENETC1_GLOBAL	SMACR	0x60B60008	0x00001F81	0x00000000	SHARED
ENETC1_GLOBAL	SMCLWMR	0x60B60010	0x00001F81	0x00000000	SHARED
ENETC1_GLOBAL	SMBUCR	0x60B60014	0x0000002F	0x00000000	SHARED
ENETC1_GLOBAL	HBTCAPR	0x60B60020	0x32000C00	0x00000000	SHARED
ENETC1_GLOBAL	HBTOR2	0x60B6002C	0x00000100	0x00000000	SHARED
ENETC1_GLOBAL	NETCCLKR	0x60B60164	0x000000F0	0x00000000	SHARED
ENETC1_GLOBAL	IPBRR0	0x60B60BF8	0x00000300	0x00000000	SHARED
ENETC1_GLOBAL	IPBRR1	0x60B60BFC	0x00010100	0x00000000	SHARED
ENETC1_PORT	PCR	0x60B54010	0x00630000	0x00000000	SHARED
ENETC1_PORT	PTAR	0x60B54050	0x00000033	0x00000000	SHARED
ENETC1_PORT	PPCR	0x60B54080	0x31313000	0x00000000	SHARED
ENETC1_PORT	PRXSDUOR	0x60B54108	0x00000014	0x00000000	SHARED
ENETC1_PORT	PTXSDUOR	0x60B5410C	0x00000014	0x00000000	SHARED
ENETC1_PORT	PTGSHCR	0x60B5412C	0x01000000	0x00000000	SHARED
ENETC1_PORT	PDGSR	0x60B54138	0x000000FF	0x00000000	SHARED
ENETC1_PORT	PCTFCR	0x60B54450	0x00000013	0x00000000	SHARED
ENETC1_PORT	PISIDCR	0x60B54460	0xFFFF0000	0x00000000	SHARED
ENETC1_PORT	PIPV2QMR0	0x60B54470	0x76543210	0x00000000	SHARED
ENETC1_PORT	BPDVR	0x60B54510	0x01F00000	0x00000000	SHARED
ENETC1_PORT	BPSTGSR	0x60B54520	0x00000002	0x00000000	SHARED
ENETC1_PORT	BPSCR0	0x60B54528	0x0FFF0FFF	0x00000000	SHARED
ENETC1_PORT	BPSCR1	0x60B5452C	0x0FFF0FFF	0x00000000	SHARED
ENETC1_PSEUDO_MAC_PORT	PPMSR	0x60B55000	0x00000101	0x00000000	SHARED
ENETC1_PSEUDO_MAC_PORT	PPMCR	0x60B55010	0x00010000	0x00000000	SHARED
ENETC1_SI0	SISR	0x60B40004	0x0000001E	0x00000000	SHARED
ENETC1_SI0	SIBCAR	0x60B40040	0x02020202	0x00000000	SHARED
ENETC1_SI0	SIMCAR	0x60B40044	0x00020002	0x00000000	SHARED
ENETC1_SI0	SICCAR	0x60B40048	0x02020202	0x00000000	SHARED
ENETC1_SI0	SICAPR1	0x60B40904	0x00020000	0x00000000	SHARED
ENETC1_SI1	SISR	0x60C10004	0x0000001E	0x00000000	SHARED
ENETC1_SI1	SIBCAR	0x60C10040	0x02020202	0x00000000	SHARED
ENETC1_SI1	SIMCAR	0x60C10044	0x00020002	0x00000000	SHARED
ENETC1_SI1	SICCAR	0x60C10048	0x02020202	0x00000000	SHARED
ENETC1_SI1	SICAPR1	0x60C10904	0x00020000	0x00000000	SHARED
FLEXSPI1	MCR1	0x425E0004	0xFFFFFFFF	0x00000000	RENODE-ONLY
FLEXSPI1	MCR2	0x425E0008	0x200081F7	0x00000000	RENODE-ONLY
FLEXSPI1	AHBCR	0x425E000C	0x00000018	0x00000000	RENODE-ONLY
FLEXSPI1	LUTKEY	0x425E0018	0x5AF05AF0	0x00000000	RENODE-ONLY
FLEXSPI1	LUTCR	0x425E001C	0x00000002	0x00000000	RENODE-ONLY
FLEXSPI1	FLSHCR4	0x425E0094	0x000000C3	0x00000000	RENODE-ONLY
FLEXSPI1	STS0	0x425E00E0	0x00000002	0x00000003	RENODE-ONLY
FLEXSPI1	STS2	0x425E00E8	0x01000100	0x00000000	RENODE-ONLY
FLEXSPI2	MCR0	0x445E0000	0xFFFF80C2	0x00000000	RENODE-ONLY
FLEXSPI2	MCR1	0x445E0004	0xFFFFFFFF	0x00000000	RENODE-ONLY
FLEXSPI2	MCR2	0x445E0008	0x200081F7	0x00000000	RENODE-ONLY
FLEXSPI2	AHBCR	0x445E000C	0x00000018	0x00000000	RENODE-ONLY
FLEXSPI2	LUTKEY	0x445E0018	0x5AF05AF0	0x00000000	RENODE-ONLY
FLEXSPI2	LUTCR	0x445E001C	0x00000002	0x00000000	RENODE-ONLY
FLEXSPI2	FLSHCR4	0x445E0094	0x000000C3	0x00000000	RENODE-ONLY
FLEXSPI2	STS2	0x445E00E8	0x01000100	0x00000000	RENODE-ONLY
IERC_F0_PCI_HDR_TYPE0	PCI_CFH_INT_PIN	0x600F803D	0x00000001	0x00000000	SHARED
IERC_F0_PCI_HDR_TYPE0	PCI_CFC_PCIPM_CAP_LIST	0x600F8080	0x00000001	0x00000000	SHARED
IERC_F0_PCI_HDR_TYPE0	PCI_CFC_PCIPM_CAP	0x600F8082	0x00000003	0x00000000	SHARED
LPI2C1	MRDROR	0x44340078	0x00004000	0x00000000	RENODE-ONLY
LPI2C1	SASR	0x44340150	0x00004000	0x00000000	RENODE-ONLY
LPI2C1	SRDR	0x44340170	0x00004000	0x00000000	RENODE-ONLY
LPI2C1	SRDROR	0x44340178	0x00004000	0x00000000	RENODE-ONLY
LPI2C2	MRDROR	0x44350078	0x00004000	0x00000000	RENODE-ONLY
LPI2C2	SASR	0x44350150	0x00004000	0x00000000	RENODE-ONLY
LPI2C2	SRDR	0x44350170	0x00004000	0x00000000	RENODE-ONLY
LPI2C2	SRDROR	0x44350178	0x00004000	0x00000000	RENODE-ONLY
LPI2C3	MRDROR	0x42530078	0x00004000	0x00000000	RENODE-ONLY
LPI2C3	SASR	0x42530150	0x00004000	0x00000000	RENODE-ONLY
LPI2C3	SRDR	0x42530170	0x00004000	0x00000000	RENODE-ONLY
LPI2C3	SRDROR	0x42530178	0x00004000	0x00000000	RENODE-ONLY
LPI2C4	MRDROR	0x42540078	0x00004000	0x00000000	RENODE-ONLY
LPI2C4	SASR	0x42540150	0x00004000	0x00000000	RENODE-ONLY
LPI2C4	SRDR	0x42540170	0x00004000	0x00000000	RENODE-ONLY
LPI2C4	SRDROR	0x42540178	0x00004000	0x00000000	RENODE-ONLY
LPI2C5	MRDROR	0x42D30078	0x00004000	0x00000000	RENODE-ONLY
LPI2C5	SASR	0x42D30150	0x00004000	0x00000000	RENODE-ONLY
LPI2C5	SRDR	0x42D30170	0x00004000	0x00000000	RENODE-ONLY
LPI2C5	SRDROR	0x42D30178	0x00004000	0x00000000	RENODE-ONLY
LPI2C6	MRDROR	0x42D40078	0x00004000	0x00000000	RENODE-ONLY
LPI2C6	SASR	0x42D40150	0x00004000	0x00000000	RENODE-ONLY
LPI2C6	SRDR	0x42D40170	0x00004000	0x00000000	RENODE-ONLY
LPI2C6	SRDROR	0x42D40178	0x00004000	0x00000000	RENODE-ONLY
LPSPI1	TCR	0x44360060	0x0000001F	0x00000000	RENODE-ONLY
LPSPI2	TCR	0x44370060	0x0000001F	0x00000000	RENODE-ONLY
LPSPI3	TCR	0x42550060	0x0000001F	0x00000000	RENODE-ONLY
LPSPI4	TCR	0x42560060	0x0000001F	0x00000000	RENODE-ONLY
LPSPI5	TCR	0x42D50060	0x0000001F	0x00000000	RENODE-ONLY
LPSPI6	TCR	0x42D60060	0x0000001F	0x00000000	RENODE-ONLY
NETC_F0_PCI_HDR_TYPE0	PCI_CFC_PCIPM_CAP_LIST	0x60000090	0x00009C01	0x00000000	SHARED
NETC_F0_PCI_HDR_TYPE0	PCI_CFC_PCIPM_CAP	0x60000092	0x00004803	0x00000000	SHARED
NETC_F0_PCI_HDR_TYPE0	PCI_CFC_EA_CAP_LIST	0x6000009C	0x00000014	0x00000000	SHARED
NETC_F0_PCI_HDR_TYPE0	PCIE_CFC_SRIOV_CAP_HDR	0x60000150	0x00010010	0x00000000	RENODE-ONLY
NETC_F0_PCI_HDR_TYPE0	PCIE_CFC_SRIOV_INIT_VFS	0x6000015C	0x00000001	0x00000000	SHARED
NETC_F0_PCI_HDR_TYPE0	PCIE_CFC_SRIOV_TOTAL_VFS	0x6000015E	0x00000001	0x00000000	SHARED
NETC_F0_PCI_HDR_TYPE0	PCIE_CFC_SRIOV_NUM_VFS	0x60000160	0x00000001	0x00000000	SHARED
NETC_F0_PCI_HDR_TYPE0	PCIE_CFC_SRIOV_VF_STRIDE	0x60000166	0x00000010	0x00000000	SHARED
NETC_F1_PCI_HDR_TYPE0	PCI_CFC_PCIPM_CAP_LIST	0x60001090	0x00009C01	0x00000000	SHARED
NETC_F1_PCI_HDR_TYPE0	PCI_CFC_PCIPM_CAP	0x60001092	0x00004803	0x00000000	SHARED
NETC_F1_PCI_HDR_TYPE0	PCI_CFC_EA_CAP_LIST	0x6000109C	0x00000014	0x00000000	SHARED
NETC_F1_PCI_HDR_TYPE0	PCIE_CFC_SRIOV_CAP_HDR	0x60001150	0x00010010	0x00000000	RENODE-ONLY
NETC_F1_PCI_HDR_TYPE0	PCIE_CFC_SRIOV_INIT_VFS	0x6000115C	0x00000001	0x00000000	SHARED
NETC_F1_PCI_HDR_TYPE0	PCIE_CFC_SRIOV_TOTAL_VFS	0x6000115E	0x00000001	0x00000000	SHARED
NETC_F1_PCI_HDR_TYPE0	PCIE_CFC_SRIOV_NUM_VFS	0x60001160	0x00000001	0x00000000	SHARED
NETC_F1_PCI_HDR_TYPE0	PCIE_CFC_SRIOV_VF_STRIDE	0x60001166	0x00000010	0x00000000	SHARED
NETC_F2_PCI_HDR_TYPE0	PCI_CFC_PCIPM_CAP_LIST	0x60002090	0x00009C01	0x00000000	SHARED
NETC_F2_PCI_HDR_TYPE0	PCI_CFC_PCIPM_CAP	0x60002092	0x00004803	0x00000000	SHARED
NETC_F2_PCI_HDR_TYPE0	PCI_CFC_EA_CAP_LIST	0x6000209C	0x00000014	0x00000000	SHARED
NETC_F2_PCI_HDR_TYPE0	PCIE_CFC_SRIOV_CAP_HDR	0x60002150	0x00010010	0x00000000	RENODE-ONLY
NETC_F2_PCI_HDR_TYPE0	PCIE_CFC_SRIOV_INIT_VFS	0x6000215C	0x00000001	0x00000000	SHARED
NETC_F2_PCI_HDR_TYPE0	PCIE_CFC_SRIOV_TOTAL_VFS	0x6000215E	0x00000001	0x00000000	SHARED
NETC_F2_PCI_HDR_TYPE0	PCIE_CFC_SRIOV_NUM_VFS	0x60002160	0x00000001	0x00000000	SHARED
NETC_F2_PCI_HDR_TYPE0	PCIE_CFC_SRIOV_VF_STRIDE	0x60002166	0x00000010	0x00000000	SHARED
NETC_F3_PCI_HDR_TYPE0	PCI_CFC_PCIPM_CAP_LIST	0x60003090	0x00009C01	0x00000000	SHARED
NETC_F3_PCI_HDR_TYPE0	PCI_CFC_PCIPM_CAP	0x60003092	0x00004803	0x00000000	SHARED
NETC_F3_PCI_HDR_TYPE0	PCI_CFC_EA_CAP_LIST	0x6000309C	0x00000014	0x00000000	SHARED
NETC_F3_PCI_HDR_TYPE0	PCIE_CFC_SRIOV_CAP_HDR	0x60003150	0x00010010	0x00000000	RENODE-ONLY
NETC_F3_PCI_HDR_TYPE0	PCIE_CFC_SRIOV_INIT_VFS	0x6000315C	0x00000001	0x00000000	SHARED
NETC_F3_PCI_HDR_TYPE0	PCIE_CFC_SRIOV_TOTAL_VFS	0x6000315E	0x00000001	0x00000000	SHARED
NETC_F3_PCI_HDR_TYPE0	PCIE_CFC_SRIOV_NUM_VFS	0x60003160	0x00000001	0x00000000	SHARED
NETC_F3_PCI_HDR_TYPE0	PCIE_CFC_SRIOV_VF_STRIDE	0x60003166	0x00000010	0x00000000	SHARED
NETC_F4_PCI_HDR_TYPE0	PCI_CFC_PCIPM_CAP_LIST	0x60004090	0x00009C01	0x00000000	SHARED
NETC_F4_PCI_HDR_TYPE0	PCI_CFC_PCIPM_CAP	0x60004092	0x00004803	0x00000000	SHARED
NETC_F4_PCI_HDR_TYPE0	PCI_CFC_EA_CAP_LIST	0x6000409C	0x00000014	0x00000000	SHARED
NETC_F4_PCI_HDR_TYPE0	PCIE_CFC_SRIOV_CAP_HDR	0x60004150	0x00010010	0x00000000	RENODE-ONLY
NETC_F4_PCI_HDR_TYPE0	PCIE_CFC_SRIOV_INIT_VFS	0x6000415C	0x00000001	0x00000000	SHARED
NETC_F4_PCI_HDR_TYPE0	PCIE_CFC_SRIOV_TOTAL_VFS	0x6000415E	0x00000001	0x00000000	SHARED
NETC_F4_PCI_HDR_TYPE0	PCIE_CFC_SRIOV_NUM_VFS	0x60004160	0x00000001	0x00000000	SHARED
NETC_F4_PCI_HDR_TYPE0	PCIE_CFC_SRIOV_VF_STRIDE	0x60004166	0x00000010	0x00000000	SHARED
OTFAD1	SR	0x425E0C04	0x00000040	0x00000000	SHARED
OTFAD1	CTX0_RGD_W1	0x425E0D1C	0x000003F8	0x00000000	SHARED
OTFAD1	CTX1_RGD_W1	0x425E0D5C	0x000003F8	0x00000000	SHARED
OTFAD1	CTX2_RGD_W1	0x425E0D9C	0x000003F8	0x00000000	SHARED
OTFAD1	CTX3_RGD_W1	0x425E0DDC	0x000003F8	0x00000000	SHARED
OTFAD2	SR	0x445E0C04	0x00000040	0x00000000	SHARED
OTFAD2	CTX0_RGD_W1	0x445E0D1C	0x000003F8	0x00000000	SHARED
OTFAD2	CTX1_RGD_W1	0x445E0D5C	0x000003F8	0x00000000	SHARED
OTFAD2	CTX2_RGD_W1	0x445E0D9C	0x000003F8	0x00000000	SHARED
OTFAD2	CTX3_RGD_W1	0x445E0DDC	0x000003F8	0x00000000	SHARED
SRC_GENERAL_REG	SRMASK	0x44460018	0x00003FBF	0x00000000	RENODE-ONLY
SRC_GENERAL_REG	SBMR2	0x44460044	0x08000000	0x00000000	RENODE-ONLY
SRC_GENERAL_REG	SRSR_BBSM	0x4446004C	0x00000001	0x00000000	RENODE-ONLY
SRC_GENERAL_REG	SRSR	0x44460050	0x00000001	0x00000000	RENODE-ONLY
SW0_BASE	SCAPR0	0x60A00000	0x02250005	0x00000000	SHARED
SW0_BASE	SCAPR1	0x60A00004	0x0007001C	0x00000000	SHARED
SW0_BASE	BPCAPR	0x60A00008	0x00020008	0x00000000	SHARED
SW0_BASE	FCAPR	0x60A00018	0x00000003	0x00000000	SHARED
SW0_BASE	SMBCAPR	0x60A00040	0x00000C42	0x00000000	SHARED
SW0_BASE	CCAR	0x60A00080	0x02020202	0x00000000	SHARED
SW0_BASE	MPCR	0x60A00400	0x00000004	0x00000000	SHARED
SW0_BASE	IMDCR0	0x60A00420	0x000000C0	0x00000000	SHARED
SW0_BASE	BRCAPR	0x60A02000	0x0000103D	0x00000000	SHARED
SW0_BASE	VFHTCAPR	0x60A02008	0x00B00000	0x00000000	SHARED
SW0_BASE	FDBHTCAPR	0x60A02020	0x00B00000	0x00000000	SHARED
SW0_BASE	IPMFHTCAPR	0x60A02040	0x00700000	0x00000000	SHARED
SW0_COMMON	OSR	0x60A01010	0x00000001	0x00000000	SHARED
SW0_COMMON	RPCAPR	0x60A01810	0x00000003	0x00000000	SHARED
SW0_COMMON	FMICAPR	0x60A01880	0x0000000A	0x00000000	SHARED
SW0_COMMON	FMECAPR	0x60A01884	0x0003002F	0x00000000	SHARED
SW0_COMMON	FMITCAPR	0x60A01888	0x00100040	0x00000000	SHARED
SW0_COMMON	ETCAPR	0x60A018C0	0x00000001	0x00000000	SHARED
SW0_COMMON	ETTCAPR	0x60A018C4	0x00100180	0x00000000	SHARED
SW0_COMMON	ESQRCAPR	0x60A018E0	0x0000010F	0x00000000	SHARED
SW0_COMMON	ESQRTCAPR	0x60A018E4	0x00100180	0x00000000	SHARED
SW0_COMMON	ECTCAPR	0x60A018EC	0x00100180	0x00000000	SHARED
SW0_COMMON	ISFHTCAPR	0x60A01A00	0x00700000	0x00000000	SHARED
SW0_ETH_MAC_PORT0	PM0_MAXFRM	0x60A05014	0x00000600	0x00000000	SHARED
SW0_ETH_MAC_PORT0	PM0_MINFRM	0x60A05018	0x00000040	0x00000000	SHARED
SW0_ETH_MAC_PORT0	PM0_MDIO_CFG	0x60A05030	0x00001448	0x00000000	SHARED
SW0_ETH_MAC_PORT0	PM0_IEVENT	0x60A05040	0x00000060	0x00000000	SHARED
SW0_ETH_MAC_PORT0	PM0_IF_MODE	0x60A05300	0x00004004	0x00000000	SHARED
SW0_ETH_MAC_PORT0	PM1_MAXFRM	0x60A05414	0x00000600	0x00000000	SHARED
SW0_ETH_MAC_PORT0	PM1_MINFRM	0x60A05418	0x00000040	0x00000000	SHARED
SW0_ETH_MAC_PORT0	PM1_IEVENT	0x60A05440	0x00000060	0x00000000	SHARED
SW0_ETH_MAC_PORT0	PM1_IF_MODE	0x60A05700	0x00004004	0x00000000	SHARED
SW0_ETH_MAC_PORT0	PEMDIOSR	0x60A05C10	0x00008000	0x00000000	SHARED
SW0_ETH_MAC_PORT1	PM0_MAXFRM	0x60A09014	0x00000600	0x00000000	SHARED
SW0_ETH_MAC_PORT1	PM0_MINFRM	0x60A09018	0x00000040	0x00000000	SHARED
SW0_ETH_MAC_PORT1	PM0_MDIO_CFG	0x60A09030	0x00001448	0x00000000	SHARED
SW0_ETH_MAC_PORT1	PM0_IEVENT	0x60A09040	0x00000060	0x00000000	SHARED
SW0_ETH_MAC_PORT1	PM0_IF_MODE	0x60A09300	0x00004004	0x00000000	SHARED
SW0_ETH_MAC_PORT1	PM1_MAXFRM	0x60A09414	0x00000600	0x00000000	SHARED
SW0_ETH_MAC_PORT1	PM1_MINFRM	0x60A09418	0x00000040	0x00000000	SHARED
SW0_ETH_MAC_PORT1	PM1_IEVENT	0x60A09440	0x00000060	0x00000000	SHARED
SW0_ETH_MAC_PORT1	PM1_IF_MODE	0x60A09700	0x00004004	0x00000000	SHARED
SW0_ETH_MAC_PORT1	PEMDIOSR	0x60A09C10	0x00008000	0x00000000	SHARED
SW0_ETH_MAC_PORT2	PM0_MAXFRM	0x60A0D014	0x00000600	0x00000000	SHARED
SW0_ETH_MAC_PORT2	PM0_MINFRM	0x60A0D018	0x00000040	0x00000000	SHARED
SW0_ETH_MAC_PORT2	PM0_MDIO_CFG	0x60A0D030	0x00001448	0x00000000	SHARED
SW0_ETH_MAC_PORT2	PM0_IEVENT	0x60A0D040	0x00000060	0x00000000	SHARED
SW0_ETH_MAC_PORT2	PM0_IF_MODE	0x60A0D300	0x00004004	0x00000000	SHARED
SW0_ETH_MAC_PORT2	PM1_MAXFRM	0x60A0D414	0x00000600	0x00000000	SHARED
SW0_ETH_MAC_PORT2	PM1_MINFRM	0x60A0D418	0x00000040	0x00000000	SHARED
SW0_ETH_MAC_PORT2	PM1_IEVENT	0x60A0D440	0x00000060	0x00000000	SHARED
SW0_ETH_MAC_PORT2	PM1_IF_MODE	0x60A0D700	0x00004004	0x00000000	SHARED
SW0_ETH_MAC_PORT2	PEMDIOSR	0x60A0DC10	0x00008000	0x00000000	SHARED
SW0_ETH_MAC_PORT3	PM0_MAXFRM	0x60A11014	0x00000600	0x00000000	SHARED
SW0_ETH_MAC_PORT3	PM0_MINFRM	0x60A11018	0x00000040	0x00000000	SHARED
SW0_ETH_MAC_PORT3	PM0_MDIO_CFG	0x60A11030	0x00001448	0x00000000	SHARED
SW0_ETH_MAC_PORT3	PM0_IEVENT	0x60A11040	0x00000060	0x00000000	SHARED
SW0_ETH_MAC_PORT3	PM0_IF_MODE	0x60A11300	0x00004004	0x00000000	SHARED
SW0_ETH_MAC_PORT3	PM1_MAXFRM	0x60A11414	0x00000600	0x00000000	SHARED
SW0_ETH_MAC_PORT3	PM1_MINFRM	0x60A11418	0x00000040	0x00000000	SHARED
SW0_ETH_MAC_PORT3	PM1_IEVENT	0x60A11440	0x00000060	0x00000000	SHARED
SW0_ETH_MAC_PORT3	PM1_IF_MODE	0x60A11700	0x00004004	0x00000000	SHARED
SW0_ETH_MAC_PORT3	PEMDIOSR	0x60A11C10	0x00008000	0x00000000	SHARED
SW0_GLOBAL	SMCAPR	0x60A80000	0x00001FB0	0x00000000	SHARED
SW0_GLOBAL	SMDTR	0x60A80004	0x00000040	0x00000000	SHARED
SW0_GLOBAL	SMACR	0x60A80008	0x00001F81	0x00000000	SHARED
SW0_GLOBAL	SMCLWMR	0x60A80010	0x00001F81	0x00000000	SHARED
SW0_GLOBAL	SMBUCR	0x60A80014	0x0000002F	0x00000000	SHARED
SW0_GLOBAL	HBTCAPR	0x60A80020	0x32000C00	0x00000000	SHARED
SW0_GLOBAL	HBTOR2	0x60A8002C	0x00000100	0x00000000	SHARED
SW0_GLOBAL	NETCCLKR	0x60A80164	0x000000F0	0x00000000	SHARED
SW0_GLOBAL	IPBRR0	0x60A80BF8	0x00000300	0x00000000	SHARED
SW0_GLOBAL	IPBRR1	0x60A80BFC	0x00010100	0x00000000	SHARED
SW0_PORT0	PCR	0x60A04010	0x00630000	0x00000000	SHARED
SW0_PORT0	PTAR	0x60A04050	0x00000033	0x00000000	SHARED
SW0_PORT0	PPCR	0x60A04080	0x31313000	0x00000000	SHARED
SW0_PORT0	PRXSDUOR	0x60A04108	0x00000014	0x00000000	SHARED
SW0_PORT0	PTXSDUOR	0x60A0410C	0x00000014	0x00000000	SHARED
SW0_PORT0	PTGSHCR	0x60A0412C	0x01000000	0x00000000	SHARED
SW0_PORT0	PDGSR	0x60A04138	0x000000FF	0x00000000	SHARED
SW0_PORT0	PCTFCR	0x60A04450	0x00000013	0x00000000	SHARED
SW0_PORT0	PISIDCR	0x60A04460	0xFFFF0000	0x00000000	SHARED
SW0_PORT0	PIPV2QMR0	0x60A04470	0x76543210	0x00000000	SHARED
SW0_PORT0	BPDVR	0x60A04510	0x01F00000	0x00000000	SHARED
SW0_PORT0	BPSTGSR	0x60A04520	0x00000002	0x00000000	SHARED
SW0_PORT0	BPSCR0	0x60A04528	0x0FFF0FFF	0x00000000	SHARED
SW0_PORT0	BPSCR1	0x60A0452C	0x0FFF0FFF	0x00000000	SHARED
SW0_PORT1	PCR	0x60A08010	0x00630000	0x00000000	SHARED
SW0_PORT1	PTAR	0x60A08050	0x00000033	0x00000000	SHARED
SW0_PORT1	PPCR	0x60A08080	0x31313000	0x00000000	SHARED
SW0_PORT1	PRXSDUOR	0x60A08108	0x00000014	0x00000000	SHARED
SW0_PORT1	PTXSDUOR	0x60A0810C	0x00000014	0x00000000	SHARED
SW0_PORT1	PTGSHCR	0x60A0812C	0x01000000	0x00000000	SHARED
SW0_PORT1	PDGSR	0x60A08138	0x000000FF	0x00000000	SHARED
SW0_PORT1	PCTFCR	0x60A08450	0x00000013	0x00000000	SHARED
SW0_PORT1	PISIDCR	0x60A08460	0xFFFF0000	0x00000000	SHARED
SW0_PORT1	PIPV2QMR0	0x60A08470	0x76543210	0x00000000	SHARED
SW0_PORT1	BPDVR	0x60A08510	0x01F00000	0x00000000	SHARED
SW0_PORT1	BPSTGSR	0x60A08520	0x00000002	0x00000000	SHARED
SW0_PORT1	BPSCR0	0x60A08528	0x0FFF0FFF	0x00000000	SHARED
SW0_PORT1	BPSCR1	0x60A0852C	0x0FFF0FFF	0x00000000	SHARED
SW0_PORT2	PCR	0x60A0C010	0x00630000	0x00000000	SHARED
SW0_PORT2	PTAR	0x60A0C050	0x00000033	0x00000000	SHARED
SW0_PORT2	PPCR	0x60A0C080	0x31313000	0x00000000	SHARED
SW0_PORT2	PRXSDUOR	0x60A0C108	0x00000014	0x00000000	SHARED
SW0_PORT2	PTXSDUOR	0x60A0C10C	0x00000014	0x00000000	SHARED
SW0_PORT2	PTGSHCR	0x60A0C12C	0x01000000	0x00000000	SHARED
SW0_PORT2	PDGSR	0x60A0C138	0x000000FF	0x00000000	SHARED
SW0_PORT2	PCTFCR	0x60A0C450	0x00000013	0x00000000	SHARED
SW0_PORT2	PISIDCR	0x60A0C460	0xFFFF0000	0x00000000	SHARED
SW0_PORT2	PIPV2QMR0	0x60A0C470	0x76543210	0x00000000	SHARED
SW0_PORT2	BPDVR	0x60A0C510	0x01F00000	0x00000000	SHARED
SW0_PORT2	BPSTGSR	0x60A0C520	0x00000002	0x00000000	SHARED
SW0_PORT2	BPSCR0	0x60A0C528	0x0FFF0FFF	0x00000000	SHARED
SW0_PORT2	BPSCR1	0x60A0C52C	0x0FFF0FFF	0x00000000	SHARED
SW0_PORT3	PCR	0x60A10010	0x00630000	0x00000000	SHARED
SW0_PORT3	PTAR	0x60A10050	0x00000033	0x00000000	SHARED
SW0_PORT3	PPCR	0x60A10080	0x31313000	0x00000000	SHARED
SW0_PORT3	PRXSDUOR	0x60A10108	0x00000014	0x00000000	SHARED
SW0_PORT3	PTXSDUOR	0x60A1010C	0x00000014	0x00000000	SHARED
SW0_PORT3	PTGSHCR	0x60A1012C	0x01000000	0x00000000	SHARED
SW0_PORT3	PDGSR	0x60A10138	0x000000FF	0x00000000	SHARED
SW0_PORT3	PCTFCR	0x60A10450	0x00000013	0x00000000	SHARED
SW0_PORT3	PISIDCR	0x60A10460	0xFFFF0000	0x00000000	SHARED
SW0_PORT3	PIPV2QMR0	0x60A10470	0x76543210	0x00000000	SHARED
SW0_PORT3	BPDVR	0x60A10510	0x01F00000	0x00000000	SHARED
SW0_PORT3	BPSTGSR	0x60A10520	0x00000002	0x00000000	SHARED
SW0_PORT3	BPSCR0	0x60A10528	0x0FFF0FFF	0x00000000	SHARED
SW0_PORT3	BPSCR1	0x60A1052C	0x0FFF0FFF	0x00000000	SHARED
SW0_PORT4	PCR	0x60A14010	0x00630000	0x00000000	SHARED
SW0_PORT4	PTAR	0x60A14050	0x00000033	0x00000000	SHARED
SW0_PORT4	PPCR	0x60A14080	0x31313000	0x00000000	SHARED
SW0_PORT4	PRXSDUOR	0x60A14108	0x00000014	0x00000000	SHARED
SW0_PORT4	PTXSDUOR	0x60A1410C	0x00000014	0x00000000	SHARED
SW0_PORT4	PTGSHCR	0x60A1412C	0x01000000	0x00000000	SHARED
SW0_PORT4	PDGSR	0x60A14138	0x000000FF	0x00000000	SHARED
SW0_PORT4	PCTFCR	0x60A14450	0x00000013	0x00000000	SHARED
SW0_PORT4	PISIDCR	0x60A14460	0xFFFF0000	0x00000000	SHARED
SW0_PORT4	PIPV2QMR0	0x60A14470	0x76543210	0x00000000	SHARED
SW0_PORT4	BPDVR	0x60A14510	0x01F00000	0x00000000	SHARED
SW0_PORT4	BPSTGSR	0x60A14520	0x00000002	0x00000000	SHARED
SW0_PORT4	BPSCR0	0x60A14528	0x0FFF0FFF	0x00000000	SHARED
SW0_PORT4	BPSCR1	0x60A1452C	0x0FFF0FFF	0x00000000	SHARED
SW0_PSEUDO_MAC_PORT4	PPMSR	0x60A15000	0x00000101	0x00000000	SHARED
SW0_PSEUDO_MAC_PORT4	PPMCR	0x60A15010	0x00010000	0x00000000	SHARED
SYS_CTR_CONTROL	CNTSR	0x44290004	0x00000100	0x00000000	SHARED
SYS_CTR_CONTROL	CNTFID0	0x44290020	0x016E3600	0x00000000	SHARED
SYS_CTR_CONTROL	CNTFID1	0x44290024	0x00000200	0x00000000	SHARED
TMR0_BASE	TMR_ID	0x60B80000	0x03000201	0x00000000	SHARED
TMR0_BASE	TMR_CAPR	0x60B80008	0x00000006	0x00000000	SHARED
TMR0_BASE	TMR_CTRL	0x60B80080	0x00010001	0x00000000	SHARED
TMR0_BASE	TMR_STAT	0x60B80094	0x80000000	0x00000000	SHARED
TMR0_BASE	TMR_PRSC	0x60B800A8	0x00000002	0x00000000	SHARED
TMR0_BASE	TMR_FIPER_CTRL	0x60B800DC	0x00414141	0x00000000	SHARED
TMR0_GLOBAL	SMCAPR	0x60B90000	0x00001FB0	0x00000000	SHARED
TMR0_GLOBAL	SMDTR	0x60B90004	0x00000040	0x00000000	SHARED
TMR0_GLOBAL	SMACR	0x60B90008	0x00001F81	0x00000000	SHARED
TMR0_GLOBAL	SMCLWMR	0x60B90010	0x00001F81	0x00000000	SHARED
TMR0_GLOBAL	SMBUCR	0x60B90014	0x0000002F	0x00000000	SHARED
TMR0_GLOBAL	HBTCAPR	0x60B90020	0x32000C00	0x00000000	SHARED
TMR0_GLOBAL	HBTOR2	0x60B9002C	0x00000100	0x00000000	SHARED
TMR0_GLOBAL	NETCCLKR	0x60B90164	0x000000F0	0x00000000	SHARED
TMR0_GLOBAL	IPBRR0	0x60B90BF8	0x00000300	0x00000000	SHARED
TMR0_GLOBAL	IPBRR1	0x60B90BFC	0x00010100	0x00000000	SHARED
TPM1	MOD	0x44310018	0x0000FFFF	0x00000000	RENODE-ONLY
TPM2	MOD	0x44320018	0x0000FFFF	0x00000000	RENODE-ONLY
TPM3	MOD	0x424E0018	0x0000FFFF	0x00000000	RENODE-ONLY
TPM4	MOD	0x424F0018	0x0000FFFF	0x00000000	RENODE-ONLY
TPM5	MOD	0x42500018	0x0000FFFF	0x00000000	RENODE-ONLY
TPM6	MOD	0x42510018	0x0000FFFF	0x00000000	RENODE-ONLY
TRDC1	TRDC_CR	0x44270000	0x00000010	0x00000000	RENODE-ONLY
TRDC1	TRDC_IDAU_CR	0x442701C0	0x00000008	0x00000000	RENODE-ONLY
TRDC1	TRDC_FLW_PBASE	0x442701E4	0x01000000	0x00000000	RENODE-ONLY
TRDC2	TRDC_CR	0x42460000	0x00000010	0x00000000	RENODE-ONLY
TRDC2	TRDC_IDAU_CR	0x424601C0	0x00000008	0x00000000	RENODE-ONLY
TRDC2	TRDC_FLW_PBASE	0x424601E4	0x01000000	0x00000000	RENODE-ONLY
TRDC3	TRDC_CR	0x42810000	0x00000010	0x00000000	RENODE-ONLY
TRDC3	TRDC_IDAU_CR	0x428101C0	0x00000008	0x00000000	RENODE-ONLY
TRDC3	TRDC_FLW_PBASE	0x428101E4	0x01000000	0x00000000	RENODE-ONLY
USBHSDCD1	CLOCK	0x42CA0804	0x000000C1	0x00000000	SHARED
USBHSDCD1	TIMER0	0x42CA0810	0x00100000	0x00000000	SHARED
USBHSDCD1	TIMER1	0x42CA0814	0x000A0028	0x00000000	SHARED
USBHSDCD1	TIMER2_BC11	0x42CA0818	0x00280001	0x00000000	SHARED
USBHSDCD2	CLOCK	0x42CB0804	0x000000C1	0x00000000	SHARED
USBHSDCD2	TIMER0	0x42CB0810	0x00100000	0x00000000	SHARED
USBHSDCD2	TIMER1	0x42CB0814	0x000A0028	0x00000000	SHARED
USBHSDCD2	TIMER2_BC11	0x42CB0818	0x00280001	0x00000000	SHARED
USB_OTG1	CAPLENGTH	0x42C80100	0x00000040	0x00000000	SHARED
USB_OTG1	HCIVERSION	0x42C80102	0x00000100	0x00000000	SHARED
USB_OTG1	DCIVERSION	0x42C80120	0x00000001	0x00000000	SHARED
USB_OTG2	CAPLENGTH	0x42C90100	0x00000040	0x00000000	SHARED
USB_OTG2	HCIVERSION	0x42C90102	0x00000100	0x00000000	SHARED
USB_OTG2	DCIVERSION	0x42C90120	0x00000001	0x00000000	SHARED
USDHC1	BLK_ATT	0x42850004	0x00010000	0x00000000	SHARED
USDHC1	PROT_CTRL	0x42850028	0x08800020	0x00000000	SHARED
USDHC1	SYS_CTRL	0x4285002C	0x0080800F	0x00000000	SHARED
USDHC1	HOST_CTRL_CAP	0x42850040	0x07F3B407	0x07F30000	SHARED
USDHC1	WTMK_LVL	0x42850044	0x08100810	0x00000000	SHARED
USDHC1	MIX_CTRL	0x42850048	0x80000000	0x00000000	SHARED
USDHC1	DLL_STATUS	0x42850064	0x00000200	0x00000000	SHARED
USDHC1	STROBE_DLL_STATUS	0x42850074	0x00000200	0x00000000	SHARED
USDHC1	VEND_SPEC2	0x428500C8	0x00019006	0x00000000	SHARED
USDHC1	TUNING_CTRL	0x428500CC	0x00212800	0x00000000	SHARED
USDHC1	CQVER	0x42850100	0x00000510	0x00000000	SHARED
USDHC1	CQCAP	0x42850104	0x0000310A	0x00000000	SHARED
USDHC1	CQSSC1	0x42850140	0x00011000	0x00000000	SHARED
USDHC1	CQRMEM	0x42850150	0xFDF9A080	0x00000000	SHARED
USDHC2	BLK_ATT	0x42860004	0x00010000	0x00000000	SHARED
USDHC2	PROT_CTRL	0x42860028	0x08800020	0x00000000	SHARED
USDHC2	SYS_CTRL	0x4286002C	0x0080800F	0x00000000	SHARED
USDHC2	HOST_CTRL_CAP	0x42860040	0x07F3B407	0x07F30000	SHARED
USDHC2	WTMK_LVL	0x42860044	0x08100810	0x00000000	SHARED
USDHC2	MIX_CTRL	0x42860048	0x80000000	0x00000000	SHARED
USDHC2	DLL_STATUS	0x42860064	0x00000200	0x00000000	SHARED
USDHC2	STROBE_DLL_STATUS	0x42860074	0x00000200	0x00000000	SHARED
USDHC2	VEND_SPEC2	0x428600C8	0x00019006	0x00000000	SHARED
USDHC2	TUNING_CTRL	0x428600CC	0x00212800	0x00000000	SHARED
USDHC2	CQVER	0x42860100	0x00000510	0x00000000	SHARED
USDHC2	CQCAP	0x42860104	0x0000310A	0x00000000	SHARED
USDHC2	CQSSC1	0x42860140	0x00011000	0x00000000	SHARED
USDHC2	CQRMEM	0x42860150	0xFDF9A080	0x00000000	SHARED
WAKEUP_MIX_SLICE	FUNC_STAT	0x44460C14	0x00000004	0x00000000	SHARED
WAKEUP_MIX_SLICE	LPM_SETTING_0	0x44460C30	0x00000003	0x00000000	SHARED
WAKEUP_MIX_SLICE	LPM_SETTING_1	0x44460C34	0x33333333	0x00000000	SHARED
WAKEUP_MIX_SLICE	LPM_SETTING_2	0x44460C38	0x33333333	0x00000000	SHARED
WAKEUP_MIX_SLICE	EDGELOCK_HDSK_CTRL	0x44460C40	0x80008000	0x00000000	SHARED
WAKEUP_MIX_SLICE	EDGELOCK_HDSK_STAT	0x44460C44	0x00000001	0x00000000	SHARED
WAKEUP_MIX_SLICE	PSW_CTRL	0x44460C5C	0x80008000	0x00000000	SHARED
WAKEUP_MIX_SLICE	PSW_CNT_CFG_HF	0x44460C64	0x00000010	0x00000000	SHARED
WAKEUP_MIX_SLICE	PSW_CNT_CFG_LF	0x44460C6C	0x00000010	0x00000000	SHARED
WAKEUP_MIX_SLICE	MLPL_CFG	0x44460C84	0x30373037	0x00000000	SHARED
WAKEUP_MIX_SLICE	MLPL_STAT	0x44460C88	0x00000033	0x00000000	SHARED
