target	qemu_lines	renode_lines	raw	class	diff_lines	nondur_lines
cm33-hello_world	2	2	identical	UNSCOREABLE	0	0
cm33-samples-hello_world	2	2	identical	UNSCOREABLE	0	0
cm33-samples-kernel-condition_variables-simple	162	162	identical	UNSCOREABLE	0	0
cm33-samples-philosophers	5276	2134	DIFFER	UNSCOREABLE	3158	3158
cm33-samples-subsys-logging-logger	165	158	DIFFER	UNSCOREABLE	269	269
cm33-samples-synchronization	331	151	partial	UNSCOREABLE	180	180
cm33-synchronization	331	151	partial	UNSCOREABLE	180	180
cm33-tests-arch-arm-arm_custom_interrupt	21	21	identical	identical	0	0
cm33-tests-arch-arm-arm_hardfault_validation	39	39	identical	identical	0	0
cm33-tests-arch-arm-arm_interrupt	83	83	DIFFER	timing-only	6	0
cm33-tests-arch-arm-arm_irq_advanced_features	27	27	identical	identical	0	0
cm33-tests-arch-arm-arm_irq_vector_table	18	18	identical	identical	0	0
cm33-tests-arch-arm-arm_mpu_wt	24	24	identical	UNSCOREABLE	0	0
cm33-tests-arch-arm-arm_runtime_nmi	20	20	identical	identical	0	0
cm33-tests-arch-arm-arm_thread_swap	29	29	identical	identical	0	0
cm33-tests-kernel-cache	25	25	identical	identical	0	0
cm33-tests-kernel-cleanup	49	49	identical	identical	0	0
cm33-tests-kernel-common	394	394	DIFFER	timing-only	32	0
cm33-tests-kernel-condvar-condvar_api	123	123	identical	identical	0	0
cm33-tests-kernel-context	92	92	identical	identical	0	0
cm33-tests-kernel-device	116	116	identical	identical	0	0
cm33-tests-kernel-early_sleep	22	22	identical	identical	0	0
cm33-tests-kernel-events-event_api	33	33	identical	identical	0	0
cm33-tests-kernel-fifo-fifo_api	210	210	DIFFER	timing-only	6	0
cm33-tests-kernel-fifo-fifo_timeout	42	42	identical	identical	0	0
cm33-tests-kernel-lifo-lifo_api	208	208	DIFFER	timing-only	6	0
cm33-tests-kernel-mbox-mbox_api	85	85	identical	identical	0	0
cm33-tests-kernel-mem_heap-k_heap_api	112	112	identical	identical	0	0
cm33-tests-kernel-mem_protect-protection	85	85	identical	identical	0	0
cm33-tests-kernel-mem_protect-stackprot	62	62	DIFFER	CONTENT-DIFFER	2	2
cm33-tests-kernel-mem_slab-mslab_api	49	49	identical	identical	0	0
cm33-tests-kernel-mem_slab-mslab	37	37	identical	identical	0	0
cm33-tests-kernel-msgq-msgq_api	90	90	identical	identical	0	0
cm33-tests-kernel-mutex-mutex_api	68	68	identical	identical	0	0
cm33-tests-kernel-mutex-mutex_error_case	109	109	identical	identical	0	0
cm33-tests-kernel-obj_tracking	17	17	identical	identical	0	0
cm33-tests-kernel-pending	32	32	identical	identical	0	0
cm33-tests-kernel-pipe-pipe_api	99	99	DIFFER	timing-only	8	0
cm33-tests-kernel-poll	216	216	identical	identical	0	0
cm33-tests-kernel-queue	254	254	DIFFER	timing-only	6	0
cm33-tests-kernel-sched-schedule_api	217	217	identical	identical	0	0
cm33-tests-kernel-semaphore-semaphore	218	218	DIFFER	timing-only	6	0
cm33-tests-kernel-sleep	25	25	identical	identical	0	0
cm33-tests-kernel-threads-thread_apis	249	249	DIFFER	timing-only	6	0
cm33-tests-kernel-threads-thread_stack	179	179	DIFFER	timing-only	6	0
cm33-tests-kernel-timer-timer_api	73	73	DIFFER	timing-only	6	0
cm33-tests-kernel-timer-timer_monotonic	21	21	DIFFER	CONTENT-DIFFER	8	2
cm33-tests-kernel-workq-work	144	144	identical	identical	0	0
cm33-tests-lib-cbprintf_fp	3	3	identical	UNSCOREABLE	0	0
cm33-tests-lib-cbprintf_package	106	106	DIFFER	timing-only	6	0
cm33-tests-lib-cmsis_nn	41	41	identical	identical	0	0
cm33-tests-lib-cobs	57	57	DIFFER	timing-only	18	0
cm33-tests-lib-fdtable	41	41	identical	identical	0	0
cm33-tests-lib-hash_function	17	17	DIFFER	timing-only	6	0
cm33-tests-lib-hash_map	74	74	identical	identical	0	0
cm33-tests-lib-heap_align	17	17	DIFFER	timing-only	6	0
cm33-tests-lib-heap	54	54	DIFFER	timing-only	18	0
cm33-tests-lib-heap_min	24	24	identical	identical	0	0
cm33-tests-lib-json	304	304	DIFFER	timing-only	6	0
cm33-tests-lib-linear_range	37	37	identical	identical	0	0
cm33-tests-lib-lockfree	61	61	DIFFER	timing-only	16	0
cm33-tests-lib-mem_alloc	55	55	DIFFER	timing-only	6	0
cm33-tests-lib-mem_blocks	149	149	identical	identical	0	0
cm33-tests-lib-onoff	141	141	identical	identical	0	0
cm33-tests-lib-ringbuffer	191	191	DIFFER	timing-only	64	0
cm33-tests-lib-sprintf	78	78	DIFFER	timing-only	6	0
cm33-tests-subsys-bindesc-definition	29	29	identical	identical	0	0
cm33-tests-subsys-cpu_freq-thermal_cap	40	40	identical	identical	0	0
cm33-tests-subsys-crc	70	70	identical	identical	0	0
cm33-tests-subsys-debug-assert_custom_header	17	17	identical	identical	0	0
cm33-tests-subsys-debug-coredump_backends	63	63	identical	identical	0	0
cm33-tests-subsys-debug-coredump	26	26	identical	UNSCOREABLE	0	0
cm33-tests-subsys-logging-log_api	250	250	DIFFER	timing-only	16	0
cm33-tests-subsys-logging-log_msg	143	143	DIFFER	timing-only	6	0
cm7-hello_world	2	2	identical	UNSCOREABLE	0	0
cm7-samples-hello_world	2	2	identical	UNSCOREABLE	0	0
cm7-samples-philosophers	5342	2145	DIFFER	UNSCOREABLE	3237	3237
cm7-samples-synchronization	327	94	partial	UNSCOREABLE	233	233
cm7-synchronization	324	94	partial	UNSCOREABLE	230	230
cm7-tests-arch-arm-arm_hardfault_validation	39	39	identical	identical	0	0
cm7-tests-arch-arm-arm_interrupt	83	83	DIFFER	CONTENT-DIFFER	12	6
cm7-tests-kernel-common	394	394	DIFFER	timing-only	32	0
cm7-tests-kernel-context	92	92	identical	identical	0	0
cm7-tests-kernel-fifo-fifo_api	210	210	DIFFER	timing-only	6	0
cm7-tests-kernel-mutex-mutex_api	68	68	identical	identical	0	0
cm7-tests-kernel-poll	216	216	identical	identical	0	0
cm7-tests-kernel-sched-schedule_api	217	217	identical	identical	0	0
cm7-tests-kernel-threads-thread_apis	249	249	DIFFER	timing-only	6	0
cm7-tests-kernel-timer-timer_api	73	73	DIFFER	timing-only	6	0
cm7-tests-kernel-workq-work	144	144	identical	identical	0	0
